datetime,cgi,rat_name,bytes_down,ms_down,bytes_up,ms_up,app,ip,msisdn,lat,lon
2020-05-23 00:00:00+01:00,214086827568142,GERAN,417,22511.814510077817,922,49774.323688949036,Google,247.66.130.205,34281406744,40.589482,-3.587393
2020-05-23 00:00:00+01:00,214002678359141,UTRAN,122853,4.112285318267784,17,5.524731733594046E-4,Youtube,248.195.36.53,34386459837,40.420274,-3.706201
2020-05-23 00:00:00+01:00,214078135229837,GERAN,5348,919.7095398148,2680,460.8866055915602,DNS,144.210.251.33,34434567338,40.444139,-3.59308
2020-05-23 00:00:00+01:00,214010882203414,GERAN,2458,143.1480132144212,104,5.5616905052795875,Youtube,128.222.73.183,34560923723,40.288038,-3.728987
2020-05-23 00:00:00+01:00,214025991369753,GERAN,13538,17.231741680997672,2,0.002314383410247488,Youtube,153.115.144.205,34248401978,40.426173,-3.752991
2020-05-23 00:00:00+01:00,214045806223841,GERAN,9007,43.28185196965965,88,0.36429925547528713,XMPP,145.112.118.225,34266096337,40.394013,-3.759556
2020-05-23 00:00:00+01:00,214047635625196,GERAN,3699,731.2199380713099,261,51.59459417048173,DNS,221.50.56.134,34490556652,40.31471,-3.82197
2020-05-23 00:00:00+01:00,214032057793385,EUTRAN,55,0.06205133297921876,491,0.5539491725962984,Blogs,162.85.60.16,34277431513,40.504071,-3.62329
2020-05-23 00:00:00+01:00,214049322972115,GERAN,698,5.07742184527119E-4,703,5.11379306192786E-4,Youtube,167.95.79.66,34201903964,40.403063,-3.697406
2020-05-23 00:00:00+01:00,214001561397108,EUTRAN,46,0.011122651841451928,1728,0.3799396754023238,Youtube,213.6.236.229,34173632245,40.273664,-3.722504
2020-05-23 00:00:00+01:00,214066195868695,GERAN,386,2100.716073791397,433,2356.5027459887947,DNS,235.175.230.80,34579739393,40.361778,-3.844524
2020-05-23 00:00:00+01:00,214073299131376,GERAN,25,0.028372812869608854,117,0.1396815402811513,GoogleDrive,186.207.81.10,34286727299,40.502082,-3.715622
2020-05-23 00:00:00+01:00,214073960620997,EUTRAN,105494,0.8658041867264236,1063,0.008720148262582356,XMPP,9.238.132.66,34580324983,40.376018,-3.717173
2020-05-23 00:00:00+01:00,214008197093989,EUTRAN,7,1.409323563499815E-4,2521,0.052265771012078854,Youtube,114.62.77.163,34243994205,40.395935,-3.678089
2020-05-23 00:00:00+01:00,214095430323741,GERAN,656,0.40977463008103726,678,0.4115958506591752,GoogleAPIs,37.8.242.60,34188734723,40.451735,-3.736338
2020-05-23 00:00:00+01:00,214072930163733,EUTRAN,30,1.2156311779384669E-4,294,0.001160731705386407,Youtube,53.4.16.154,34141304098,40.477765,-3.689207
2020-05-23 00:00:00+01:00,214014390883598,UTRAN,703,0.004106541042656196,127,7.418644557856855E-4,Youtube,184.251.91.134,34470135151,40.418362,-3.657257
2020-05-23 00:00:00+01:00,214099843907415,GERAN,343,0.10690951575522925,3873,1.1967068049711065,QQ,197.63.115.151,34411604843,40.437993,-3.672266
2020-05-23 00:00:00+01:00,214042967675413,GERAN,65,2.903309266186004E-4,3925,0.01753152133812318,Google,189.125.255.59,34386308030,40.406107,-3.645192
2020-05-23 00:00:00+01:00,214049076346746,GERAN,22092,1321.8043346592106,305,23.700086538964708,XMPP,252.213.6.25,34595567601,40.412328,-3.694843
2020-05-23 00:00:00+01:00,214082806791952,GERAN,17,0.004131322157988258,59,0.014338118077723951,AccuWeather,22.233.237.9,34550257409,40.237522,-3.780048
2020-05-23 00:00:00+01:00,214083749736507,EUTRAN,161,0.13077869571904263,43,0.04500481431626973,Exchange,135.49.114.251,34222496495,40.328109,-3.719838
2020-05-23 00:00:00+01:00,214034261352915,UTRAN,82,3.2683262932951026E-4,5502,0.021929672275255677,ANDRDMKT,94.110.178.26,34317085641,40.345557,-3.762695
2020-05-23 00:00:00+01:00,214006774545976,GERAN,928,3.591984259243081,206,0.7748083359578264,Gmail,104.44.155.144,34435404104,40.370247,-3.761177
2020-05-23 00:00:00+01:00,214099234938880,EUTRAN,317,0.021278185825329046,20,0.0020005131972531585,Youtube,9.157.114.241,34261272008,40.430933,-3.710024
2020-05-23 00:00:00+01:00,214003995027867,UTRAN,2917,97.40180508559186,205,6.845173137657295,GoogleAPIs,188.68.32.40,34250057237,40.410379,-3.594301
2020-05-23 00:00:00+01:00,214059773551132,UTRAN,2423,2.1827885023493985,53,0.03421298593024135,XMPP,252.192.173.194,34510705768,40.386064,-3.747011
2020-05-23 00:00:00+01:00,214082195359228,UTRAN,1147,17.720745404117256,1975,30.51305333315744,Google,87.82.44.95,34284892948,40.323441,-3.735364
2020-05-23 00:00:00+01:00,214040909825078,EUTRAN,77,0.3799407262848294,12107,59.73951133935623,DNS,2.111.164.220,34378274309,40.452575,-3.636677
2020-05-23 00:00:00+01:00,214081140570371,EUTRAN,870,0.08283529209371256,873,0.0863899099919868,ANDRDMKT,235.104.30.150,34463806676,40.642175,-3.636611
2020-05-23 00:00:00+01:00,214072597182977,UTRAN,3846,0.18846794873054235,75,0.003568567572529835,Youtube,186.16.101.140,34506430228,40.368561,-3.694104
2020-05-23 00:00:00+01:00,214052091648776,EUTRAN,32,0.08931239413438707,26334,73.49851834796716,Google,167.37.202.109,34463116652,40.298588,-3.72559
2020-05-23 00:00:00+01:00,214037154598062,GERAN,189,43.204393201919544,51,9.600976267093232,DNS,214.156.99.58,34114433166,40.306921,-3.738884
2020-05-23 00:00:00+01:00,214036070869671,UTRAN,24714,1.8615496085435919,444,0.03510083829332823,Youtube,19.172.244.171,34402845730,40.322018,-3.73026
2020-05-23 00:00:00+01:00,214031472941637,UTRAN,294,0.04364182739337699,4773,0.7314019968836526,DNS,249.3.183.2,34154850221,40.466717,-3.641366
2020-05-23 00:00:00+01:00,214045210870926,GERAN,237,4.430826659681638,62,2.031525266889605,GoogleAPIs,43.106.60.195,34387922604,40.300602,-3.752439
2020-05-23 00:00:00+01:00,214015348557529,UTRAN,384,0.019784923268325743,388,0.019784923268325743,GooglePlay,131.85.35.215,34263565369,40.472841,-3.726896
2020-05-23 00:00:00+01:00,214097548536608,UTRAN,1,2.959111890202038E-4,1037,0.3681135191411335,Youtube,241.215.237.153,34492603647,40.304183,-3.795675
2020-05-23 00:00:00+01:00,214017672412132,UTRAN,5274,22.942051364216233,104,0.4022236732744914,Youtube,128.65.175.198,34574419327,40.456674,-3.671965
2020-05-23 00:00:00+01:00,214085823266731,GERAN,1280,3.45077621998947,401475,1146.1607072169622,GoogleAPIs,0.185.147.172,34176255419,40.3529,-3.688995
2020-05-23 00:00:00+01:00,214079781817471,EUTRAN,21,3.5592294516751223E-4,989,0.01774972252639724,DNS,125.1.199.32,34223184664,40.409822,-3.709727
2020-05-23 00:00:00+01:00,214064282374579,UTRAN,1757,0.5959782191484954,190,0.06753760913512523,DNS,68.47.77.187,34346356672,40.518102,-3.612773
2020-05-23 00:00:00+01:00,214082032414604,UTRAN,8719,4.830354903015561,336,0.20739343523909684,Facebook,241.31.182.120,34480504953,40.47985,-3.735815
2020-05-23 00:00:00+01:00,214095300151749,EUTRAN,7470,0.017923130680431058,2633,0.0063790569826295595,GooglePlay,66.83.107.3,34197036905,40.282626,-3.762564
2020-05-23 00:00:00+01:00,214042487589294,GERAN,8,0.07850143730977814,31,0.278323277734668,DNS,76.248.223.95,34169145897,40.394962,-3.681832
2020-05-23 00:00:00+01:00,214014978402087,EUTRAN,376,0.0015586043520298117,569,0.002335871796514652,GoogleAPIs,195.10.132.200,34125774965,40.40098,-3.7751
2020-05-23 00:00:00+01:00,214012008390513,EUTRAN,4245,33.87566937466926,271,2.1626163487715826,GoogleAPIs,123.72.60.203,34585096312,40.565301,-3.644869
2020-05-23 00:00:00+01:00,214082090859474,EUTRAN,3,0.011589545346344128,818,3.160082697769832,Apple,158.23.57.152,34439116213,40.394814,-3.777789
2020-05-23 00:00:00+01:00,214085933757151,GERAN,195,0.36046005745590665,409,0.7298423935617119,Youtube,189.80.56.216,34135759193,40.541625,-3.739216
2020-05-23 00:00:00+01:00,214083676906775,EUTRAN,85,0.001836444410119824,2220,0.043340088078827846,Youtube,212.190.234.76,34339131473,40.482171,-3.695959
2020-05-23 00:00:00+01:00,214029616751699,UTRAN,48,0.0041766397792233215,1603,0.14505121899927662,GoogleAPIs,54.18.70.22,34190781999,40.401644,-3.682913
2020-05-23 00:00:00+01:00,214030601968385,UTRAN,3519,0.9043033398193673,1214,0.3374196441083117,APNS,239.51.237.236,34182203040,40.305487,-3.795907
2020-05-23 00:00:00+01:00,214097479578321,EUTRAN,739,0.029089989773087594,121,0.004878445489896677,IP_OTHER,218.250.82.117,34289599783,40.510618,-3.65816
2020-05-23 00:00:00+01:00,214096473817861,UTRAN,556,0.032637734186289784,54,0.0031056667478303428,Youtube,121.9.26.4,34225210387,40.21878,-3.721728
2020-05-23 00:00:00+01:00,214045836834442,EUTRAN,5,0.017228018102422266,116,0.21535022628027833,GooglePlay,196.52.62.219,34306379742,40.513588,-3.68269
2020-05-23 00:00:00+01:00,214028882209663,EUTRAN,472,0.2502349342766846,125,0.08135075886758276,Msn,254.25.136.44,34358493858,40.489859,-3.686957
2020-05-23 00:00:00+01:00,214007600304960,GERAN,1193,342.7742215593642,20,5.746424502252544,DNS,6.220.88.225,34530594114,40.604546,-3.664984
2020-05-23 00:00:00+01:00,214059260975003,EUTRAN,1224,0.0015527932752709675,470,5.962523197527408E-4,Youtube,113.21.58.77,34496713533,40.408085,-3.693633
2020-05-23 00:00:00+01:00,214005650308855,UTRAN,598,0.11519640460034815,3,5.511789693796562E-4,GoogleAPIs,47.81.48.238,34417399631,40.383472,-3.684046
2020-05-23 00:00:00+01:00,214094202808447,EUTRAN,34,0.016366636742230937,115,0.04283183658073202,DNS,75.41.62.127,34516337884,40.384199,-3.735783
2020-05-23 00:00:00+01:00,214041597722271,EUTRAN,209,2.3594390395906923E-4,140,1.5917746630731466E-4,IP_OTHER,157.50.197.59,34557169725,40.415525,-3.708817
2020-05-23 00:00:00+01:00,214029448336356,EUTRAN,27141,0.1022549657467572,1196,0.004461438021053612,Youtube,201.150.107.217,34222247972,40.550813,-3.748105
2020-05-23 00:00:00+01:00,214090386008131,UTRAN,12,4.333214671305874E-4,39,0.0014082947681744089,DNS,161.70.0.10,34307823204,40.463378,-3.657923
2020-05-23 00:00:00+01:00,214079538038506,GERAN,13574,6.954629594569591,4591,2.3289876090247352,Youtube,37.19.91.152,34268494269,40.391922,-3.702175
2020-05-23 00:00:00+01:00,214032731765612,GERAN,282,0.0014464997402394903,1323,0.0067862381430384595,QQ,107.164.71.220,34558891909,40.44318,-3.721701
2020-05-23 00:00:00+01:00,214036877166083,GERAN,653,341.7025533467451,227,118.78480797811812,DNS,219.102.235.10,34196937754,40.525668,-3.595138
2020-05-23 00:00:00+01:00,214079408304579,EUTRAN,1308,0.0019295444353524774,1100,0.0016389326205478612,Whatsapp,254.251.177.200,34596160155,40.504762,-3.665109
2020-05-23 00:00:00+01:00,214024143367705,GERAN,6,0.9607833571512474,8,1.2810444762016633,XMPP,186.93.196.63,34222298988,40.258442,-3.779175
2020-05-23 00:00:00+01:00,214076525226769,EUTRAN,166,0.0048584010070341155,579,0.01730625684162448,GoogleAPIs,50.81.105.41,34160454402,40.517544,-3.699066
2020-05-23 00:00:00+01:00,214087354607744,GERAN,1166,4.802586907098939,32,0.13860820246697406,XMPP,94.24.51.49,34120392165,40.331435,-3.721324
2020-05-23 00:00:00+01:00,214004975408708,UTRAN,643,0.8516737187052598,309,0.6063759886634223,GooglePlay,146.72.237.239,34319340213,40.410442,-3.743792
2020-05-23 00:00:00+01:00,214042425988752,EUTRAN,42,1.3388169613551317E-4,1045,0.0033159071252167795,Msn,225.69.144.126,34159894056,40.344294,-3.709403
2020-05-23 00:00:00+01:00,214066365159516,UTRAN,334,0.7260422123200057,53,0.13698909666415202,IP_OTHER,205.51.21.193,34392302953,40.364703,-3.659022
2020-05-23 00:00:00+01:00,214002228365732,EUTRAN,675,0.03401151134901247,381,0.026619875989755723,Exchange,21.243.53.1,34117578493,40.583436,-3.715915
2020-05-23 00:00:00+01:00,214094162778235,EUTRAN,2521,0.07250880749868134,19,5.701192869803393E-4,GoogleAPIs,180.200.152.12,34325976237,40.430089,-3.639357
2020-05-23 00:00:00+01:00,214025305955764,EUTRAN,1102,6.469226668682313E-4,1705,0.0010009102967425902,XMPP,42.187.84.57,34328869421,40.512786,-3.681713
2020-05-23 00:00:00+01:00,214023605190135,UTRAN,31802,22.225242137103564,5612,3.9218274867998373,Classified,254.135.175.180,34386316591,40.448175,-3.677724
2020-05-23 00:00:00+01:00,214005670656563,GERAN,24319,461.3217246681541,1216,21.288279776799858,ANDRDMKT,154.109.11.122,34498023008,40.414078,-3.716787
2020-05-23 00:00:00+01:00,214032566540143,EUTRAN,1315,0.027266420091111226,833,0.01829396107016574,Google,171.178.189.135,34516871295,40.428154,-3.675185
2020-05-23 00:00:00+01:00,214050525669871,UTRAN,669,0.026076398269724903,69,0.002728472165741021,DNS,208.39.9.40,34365281838,40.357554,-3.746259
2020-05-23 00:00:00+01:00,214054850302804,GERAN,19,5.617978198473613E-4,482,0.014251923640338324,IP_OTHER,138.9.232.102,34390845075,40.443403,-3.641395
2020-05-23 00:00:00+01:00,214095227601931,GERAN,521,0.8623324663441354,22,0.03606713737561022,Facebook,152.222.248.219,34194474186,40.450624,-3.671028
2020-05-23 00:00:00+01:00,214063662235624,GERAN,77,71.87159561297784,169,157.744151410302,IP_OTHER,95.25.88.70,34341932135,40.295397,-3.820118
2020-05-23 00:00:00+01:00,214020264188110,GERAN,98,0.04872515110068934,278,0.13921471743054098,Instagram,210.92.192.203,34554116704,40.327878,-3.726357
2020-05-23 00:00:00+01:00,214025044413597,GERAN,11,0.25350709834719687,448,9.484147914636306,ANDRDMKT,171.183.157.156,34237357823,40.41423,-3.745185
2020-05-23 00:00:00+01:00,214052718201239,GERAN,150,0.08235428928529569,53,0.02906621974775142,Youtube,9.40.163.140,34528779041,40.369167,-3.686816
2020-05-23 00:00:00+01:00,214019376520431,UTRAN,24,0.25759922059612117,99,1.186154550651907,ANDRDMKT,127.88.105.215,34284892948,40.401105,-3.746036
2020-05-23 00:00:00+01:00,214012230372413,UTRAN,45,0.6177244538243075,1071,11.098449353710057,Facebook,124.196.187.23,34473337162,40.572995,-3.741257
2020-05-23 00:00:00+01:00,214071714933471,GERAN,2708,228.19470120964405,712,59.99801597535693,DNS,244.31.123.106,34516955116,40.499231,-3.674138
2020-05-23 00:00:00+01:00,214050809974972,GERAN,7,0.16462280058661685,861,31.497829178906024,DNS,144.18.7.179,34125125329,40.522726,-3.74453
2020-05-23 00:00:00+01:00,214057333822546,UTRAN,2,0.0014894870927591125,5870,5.377048404860396,DNS,5.126.6.98,34268334940,40.503476,-3.730798
2020-05-23 00:00:00+01:00,214034094569138,UTRAN,15,0.007531642554565444,285,0.1913037208859623,Google,236.89.69.159,34588876355,40.352006,-3.713063
2020-05-23 00:00:00+01:00,214060205186641,GERAN,590,2.6292912371061656,79,0.3443601774330109,GooglePlay,140.196.52.149,34385808887,40.437681,-3.720254
2020-05-23 00:00:00+01:00,214096134313192,EUTRAN,35,0.010184057832052205,811,0.26642809360626896,ANDRDMKT,120.223.13.46,34291297662,40.425584,-3.682743
2020-05-23 00:00:00+01:00,214018718051743,GERAN,1079,0.5551258884896624,1299,0.6550585416831209,Youtube,81.169.105.152,34206937229,40.221876,-3.705305
2020-05-23 00:00:00+01:00,214065006046305,UTRAN,14037,0.5345330755208169,3211,0.12227486519813847,DNS,101.215.100.254,34319720172,40.32507,-3.806074
2020-05-23 00:00:00+01:00,214016066484376,GERAN,8478,1.8539234533247029,218,0.04810841704782197,Youtube,83.227.36.235,34321285050,40.407099,-3.687605
2020-05-23 00:00:00+01:00,214081094204326,UTRAN,3690,0.0883003461378655,2942,0.06971573966930598,Google,18.194.169.231,34254466686,40.477793,-3.747841
2020-05-23 00:00:00+01:00,214000823351332,EUTRAN,28,1.6378104701940762E-4,15959,0.09553517901311377,Youtube,38.139.200.87,34526515667,40.327683,-3.709145
2020-05-23 00:00:00+01:00,214087552887758,UTRAN,2319,0.05748864514456812,320,0.00785498140318608,DNS,40.152.19.201,34561065264,40.425645,-3.720003
2020-05-23 00:00:00+01:00,214098088938944,EUTRAN,892,0.010269757993308964,88,9.903749846796905E-4,Google,179.207.239.27,34549374870,40.383167,-3.62528
2020-05-23 00:00:00+01:00,214007173882759,UTRAN,9524,136.62596188056293,402,5.766866513648288,DNS,213.199.216.114,34434538469,40.33049,-3.704078
2020-05-23 00:00:00+01:00,214071763901022,UTRAN,827,0.8905861128937749,87,0.09013632825767579,DNS,111.163.218.119,34486234387,40.229749,-3.773983
2020-05-23 00:00:00+01:00,214005849915337,UTRAN,89,0.0012454336123323413,33910,0.4745241999347156,Google,152.188.218.238,34403553104,40.421896,-3.654115
2020-05-23 00:00:00+01:00,214071424744709,UTRAN,0,0.0,38411,0.006805365147720666,Google,71.61.137.65,34172335027,40.463039,-3.685379
2020-05-23 00:00:00+01:00,214034001095311,UTRAN,51,8.521401382847099E-4,1796,0.030292746484513314,Youtube,203.216.162.18,34170951962,40.522962,-3.669985
2020-05-23 00:00:00+01:00,214070178840363,EUTRAN,55,1.4672475773793909E-4,100,2.694400096642154E-4,Generic,171.175.174.112,34535978543,40.521894,-3.653194
2020-05-23 00:00:00+01:00,214088959587460,UTRAN,6362,5.799175450685054,604,0.6886999643548036,IP_OTHER,254.32.45.67,34438678852,40.337629,-3.713874
2020-05-23 00:00:00+01:00,214016312449480,GERAN,1560,7.590783910273806,281,1.3637976869411632,Youtube,127.53.25.66,34542276509,40.475941,-3.732148
2020-05-23 00:00:00+01:00,214027306102357,GERAN,136,0.11539371099593947,494,0.45404916717967486,GoogleAPIs,214.175.123.94,34283366117,40.409952,-3.705089
2020-05-23 00:00:00+01:00,214032131403838,GERAN,72,18.433654769932485,1804,461.865461179975,DNS,91.11.170.168,34238196181,40.363905,-3.784716
2020-05-23 00:00:00+01:00,214031113522689,UTRAN,93,0.05570209180992214,1767,1.1386162884675262,Youtube,249.105.176.43,34195351914,40.422721,-3.717712
2020-05-23 00:00:00+01:00,214007548229534,UTRAN,98,0.005151764853821651,228,0.01208879475599734,XMPP,110.45.16.201,34423596149,40.485869,-3.675618
2020-05-23 00:00:00+01:00,214028801064780,UTRAN,18,0.0024828822132276357,243,0.03613972999253559,GoogleAPIs,96.254.90.196,34507147554,40.395358,-3.757545
2020-05-23 00:00:00+01:00,214010300351813,GERAN,3635,48.73646040656283,33324,275.1833439060441,ANDRDMKT,215.89.147.167,34351652482,40.453715,-3.686291
2020-05-23 00:00:00+01:00,214090587154980,EUTRAN,60231,140.7855765765952,133,0.31087781515643376,XMPP,16.2.36.189,34530170344,40.403719,-3.629278
2020-05-23 00:00:00+01:00,214052353359183,UTRAN,656,0.0064147297381488555,134,0.0012984498261509768,DNS,7.94.68.183,34594110163,40.413797,-3.746237
2020-05-23 00:00:00+01:00,214089262063209,GERAN,165,11.295728693929735,17,1.2001711737300345,Youtube,84.87.38.87,34351528664,40.533755,-3.621375
2020-05-23 00:00:00+01:00,214036362392375,GERAN,87,0.7977962055828328,100,1.2747395893551785,GoogleAPIs,166.154.94.62,34174888991,40.377029,-3.721535
2020-05-23 00:00:00+01:00,214029864480654,GERAN,5952,60.48646474217949,74,0.46421887481033836,Youtube,2.74.134.159,34118810099,40.415783,-3.715846
2020-05-23 00:00:00+01:00,214049792914844,EUTRAN,1377,0.3778656964994405,872,0.2318721319428385,ANDRDMKT,106.206.97.104,34500648549,40.51367,-3.654166
2020-05-23 00:00:00+01:00,214017382014368,EUTRAN,297,0.024152269386037723,1665,0.10818314099172695,AppNexus,23.81.104.178,34557161822,40.436965,-3.680317
2020-05-23 00:00:00+01:00,214073012714269,GERAN,16,0.025800330546714566,1159,1.7589754766848342,GoogleAds,42.234.174.10,34512217321,40.580622,-3.629987
2020-05-23 00:00:00+01:00,214081378872785,EUTRAN,4,2.8123185335732974E-4,42,0.0021092389001799734,Youtube,114.201.202.58,34575290056,40.312852,-3.716782
2020-05-23 00:00:00+01:00,214028177456731,UTRAN,200,0.009464147231300233,47,0.002248906272784214,Youtube,79.184.16.134,34401994885,40.406446,-3.71129
2020-05-23 00:00:00+01:00,214026105273869,UTRAN,116,0.0058171941216386275,162,0.008134212119240454,Instagram,239.215.182.209,34241957035,40.342239,-3.679077
2020-05-23 00:00:00+01:00,214006168774292,EUTRAN,38,0.012560584105107533,498,0.24403420547066065,Youtube,140.237.75.17,34208602402,40.245845,-3.823408
2020-05-23 00:00:00+01:00,214063253195239,EUTRAN,8436,0.580292676721104,219,0.012767824543241074,Youtube,204.21.160.190,34531103562,40.590442,-3.635257
2020-05-23 00:00:00+01:00,214034685708235,GERAN,2784,1.817626961291234,1344,0.894911317832468,Youtube,84.234.30.177,34231288739,40.494389,-3.718401
2020-05-23 00:00:00+01:00,214099712633197,UTRAN,209,0.006172455523659048,250,0.007244666107581042,Youtube,178.3.43.151,34418640820,40.531264,-3.662959
2020-05-23 00:00:00+01:00,214049353351633,UTRAN,238,5.345132468976047,450,10.106342903526139,DNS,16.209.221.229,34501109940,40.385541,-3.706159
2020-05-23 00:00:00+01:00,214068415908842,UTRAN,21,0.016615039900972017,2553,1.852023114295014,ANDRDMKT,43.105.74.239,34110280653,40.36463,-3.681274
2020-05-23 00:00:00+01:00,214066292809983,GERAN,64270,21.002747017011895,11,0.0035946820785301204,Youtube,7.239.137.34,34114096910,40.414681,-3.643903
2020-05-23 00:00:00+01:00,214044729478626,EUTRAN,236,3.926343756056085E-4,1257,0.0021112416213708357,IP_OTHER,245.196.209.154,34146805565,40.461686,-3.672151
2020-05-23 00:00:00+01:00,214000836373607,UTRAN,19,0.0020065140491176046,95749,11.021676065800417,DNS,200.242.97.94,34183238745,40.428622,-3.729127
2020-05-23 00:00:00+01:00,214021618697800,EUTRAN,8182,0.05590727874784597,665,0.004495360579964607,Search_HTTP,222.183.240.110,34289428334,40.415449,-3.69504
2020-05-23 00:00:00+01:00,214075468612100,UTRAN,780,0.20743986815482574,1078,0.2733530157100162,GoogleAPIs,252.142.225.176,34106249320,40.536346,-3.698411
2020-05-23 00:00:00+01:00,214062177090481,GERAN,29,2.5072605442721257E-4,7958,0.06880268762523303,Youtube,124.233.89.26,34260798497,40.339725,-3.775113
2020-05-23 00:00:00+01:00,214031348199594,GERAN,407,0.7984992127030539,8,0.015695316220207447,Youtube,156.26.13.71,34570332841,40.345704,-3.69135
2020-05-23 00:00:00+01:00,214097289750980,UTRAN,198,1.0802709762851437,2624,14.316318392788974,Shopping,15.109.216.221,34204363256,40.502782,-3.601763
2020-05-23 00:00:00+01:00,214085962972561,GERAN,122,0.17862889969982026,3093,4.7605327903740715,Youtube,195.58.55.232,34167915145,40.527616,-3.680073
2020-05-23 00:00:00+01:00,214000381233481,UTRAN,21376,0.07605591628810092,2537,0.009026658852119762,Youtube,159.80.213.34,34104235899,40.572548,-3.660542
2020-05-23 00:00:00+01:00,214041460886932,GERAN,5689,0.5003980808304056,100,0.008795888219905177,Msn,76.150.131.87,34545684144,40.314645,-3.711934
2020-05-23 00:00:00+01:00,214032502782591,EUTRAN,185,0.004688605760217532,405,0.009816046542327346,Youtube,13.155.248.209,34593257236,40.365814,-3.665655
2020-05-23 00:00:00+01:00,214052464556523,GERAN,1054,0.5390436357842869,9229,4.76881366883223,Google,35.130.242.185,34258444073,40.580039,-3.676803
2020-05-23 00:00:00+01:00,214008887138243,EUTRAN,524,35.70910122798289,3593,244.85267311477583,XMPP,22.108.28.91,34280252170,40.275437,-3.838588
2020-05-23 00:00:00+01:00,214061886544044,UTRAN,188,0.0024110315091229917,3018,0.03849996346313856,Youtube,176.5.6.231,34241917659,40.319215,-3.699763
2020-05-23 00:00:00+01:00,214007347166641,UTRAN,9,0.001444803729224142,577,0.09073367419527611,Youtube,76.241.34.9,34265016162,40.366495,-3.750765
2020-05-23 00:00:00+01:00,214088703932737,EUTRAN,2908,0.7583933316174641,39,0.007285238536190818,Youtube,103.184.248.52,34137250490,40.371606,-3.688112
2020-05-23 00:00:00+01:00,214030049928740,GERAN,377,0.6105381122904421,269,0.3964157411554055,Youtube,129.129.116.190,34230546406,40.374234,-3.696155
2020-05-23 00:00:00+01:00,214015989307626,UTRAN,145,0.004799459423488832,1400,0.046803004309056616,Whatsapp,114.78.95.141,34585318922,40.425245,-3.734637
2020-05-23 00:00:00+01:00,214007256900402,UTRAN,2504,0.2149764303104946,69,0.005696380065831078,GooglePlay,250.228.201.213,34152406019,40.35743,-3.684967
2020-05-23 00:00:00+01:00,214011673475581,EUTRAN,42948,20.293134979462376,4463,1.6545054883671146,Youtube,216.9.247.197,34378073505,40.542446,-3.686621
2020-05-23 00:00:00+01:00,214073774753764,EUTRAN,4630,0.03310328281112165,2042,0.014600713874116784,DNS,254.207.93.232,34306801466,40.538892,-3.657372
2020-05-23 00:00:00+01:00,214040003399753,EUTRAN,80,0.003595121473440972,60,0.0029020860086812665,GoogleAPIs,38.46.21.237,34289531776,40.605721,-3.675491
2020-05-23 00:00:00+01:00,214097722440464,EUTRAN,302,0.08343238860991095,73,0.02119220854851285,Youtube,4.138.218.51,34241407049,40.407943,-3.778682
2020-05-23 00:00:00+01:00,214047593006332,EUTRAN,166,2.024999401924753,37,0.4513552883808184,DNS,41.74.184.195,34350936745,40.439856,-3.643743
2020-05-23 00:00:00+01:00,214093556197611,EUTRAN,838,0.005596282470195276,20,1.2969368412967035E-4,Instagram,52.95.143.172,34393203817,40.458084,-3.680731
2020-05-23 00:00:00+01:00,214055037508971,EUTRAN,135,0.0018589367262479457,81,0.0011817526331147656,Google,16.203.226.129,34132033637,40.363184,-3.681892
2020-05-23 00:00:00+01:00,214086417848041,EUTRAN,386,2.758726062235946,880,6.28932366520112,Youtube,163.69.92.162,34457657751,40.330963,-3.777567
2020-05-23 00:00:00+01:00,214044091911637,UTRAN,33,0.011048885403497858,1416,0.5829124087118113,GooglePlay,16.233.174.113,34321733665,40.388331,-3.731349
2020-05-23 00:00:00+01:00,214005527982439,GERAN,1654,0.022162323091493814,368,0.004930915899437559,DNS,13.251.79.101,34583913869,40.33853,-3.737104
2020-05-23 00:00:00+01:00,214059895125025,UTRAN,722,0.028141784620766455,265,0.010307073379622281,Youtube,37.42.162.88,34360224993,40.370878,-3.75759
2020-05-23 00:00:00+01:00,214021949616611,UTRAN,306,1.0547578873617143,31,0.10098745730058968,Instagram,77.86.219.234,34236104919,40.451094,-3.65021
2020-05-23 00:00:00+01:00,214099291528265,GERAN,47,0.03378883534503398,6663,4.594592038856355,Youtube,136.174.18.65,34466116713,40.267926,-3.750548
2020-05-23 00:00:00+01:00,214072871768512,GERAN,7656,1.5633733344432688,473,0.09644711336386953,GoogleAPIs,227.248.27.32,34433590155,40.502791,-3.678334
2020-05-23 00:00:00+01:00,214065419253622,GERAN,2532,258.2228790057677,686,38.09093416613517,Google,81.238.102.124,34434567338,40.531485,-3.586226
2020-05-23 00:00:00+01:00,214021468644209,GERAN,20271,5.573195016577394,52,0.014155528787282004,Youtube,13.17.155.141,34251788950,40.449742,-3.650988
2020-05-23 00:00:00+01:00,214020032021950,GERAN,564,2.947527900741695,130,0.806587026892153,Youtube,157.175.178.17,34556615868,40.466363,-3.68155
2020-05-23 00:00:00+01:00,214038969215903,GERAN,1608,1.5669937099945068,50,0.04685985974863956,XMPP,244.19.226.219,34397822522,40.307353,-3.668902
2020-05-23 00:00:00+01:00,214070640484832,UTRAN,9593,0.31239754657833146,14279,0.46045431512736285,WeChat,160.168.18.14,34239916966,40.46921,-3.651391
2020-05-23 00:00:00+01:00,214033210989626,GERAN,206,200.16951829376595,29,28.179204031646663,Youtube,140.3.140.69,34301360011,40.442301,-3.606569
2020-05-23 00:00:00+01:00,214006059497383,UTRAN,587,0.07129354236683307,2728,0.33177991422402886,Google,149.194.248.106,34412514682,40.47721,-3.670898
2020-05-23 00:00:00+01:00,214010550288755,UTRAN,109,0.11185089386467527,6187,3.9340855004484006,Google,73.2.22.39,34252372377,40.304794,-3.655113
2020-05-23 00:00:00+01:00,214042709518667,UTRAN,1068,0.0432489599962103,227,0.009354409886820767,Generic,103.50.108.28,34384774332,40.453304,-3.684877
2020-05-23 00:00:00+01:00,214098659432965,UTRAN,184,0.044157542771245784,896,0.22569410749747842,Youtube,5.86.240.56,34171366534,40.458008,-3.697006
2020-05-23 00:00:00+01:00,214029026943742,EUTRAN,43,2.6772069632636077E-4,79,4.7594790458019694E-4,DNS,149.13.24.46,34416839488,40.40023,-3.74642
2020-05-23 00:00:00+01:00,214050009727482,UTRAN,38,1.375973380661949,819,17.036723042143343,GooglePlay,125.82.221.51,34390605489,40.441577,-3.636794
2020-05-23 00:00:00+01:00,214049076346746,GERAN,125,0.13066328212719644,127,0.12319680886278522,Youtube,101.197.158.214,34588868203,40.441609,-3.713675
2020-05-23 00:00:00+01:00,214066291056974,GERAN,195,0.35651398299438414,1497,2.8390287820103253,Google,97.15.149.158,34308741858,40.338477,-3.730909
2020-05-23 00:00:00+01:00,214066740085063,GERAN,20,0.5319138948774208,879,26.72335407864162,DNS,184.24.62.185,34334519362,40.389368,-3.708012
2020-05-23 00:00:00+01:00,214001928759421,GERAN,32654,75.63466703835256,5,0.010625234187226421,Youtube,220.150.246.42,34599774054,40.30132,-3.727903
2020-05-23 00:00:00+01:00,214082001656361,GERAN,78,0.04339016111811887,194,0.10929926661399564,Youtube,208.10.39.239,34166665637,40.48598,-3.705567
2020-05-23 00:00:00+01:00,214003979510559,EUTRAN,307,2.7508363652056886E-4,513,4.5521905011307047E-4,AccuWeather,64.57.8.206,34225479542,40.366761,-3.703889
2020-05-23 00:00:00+01:00,214022631344849,GERAN,4,0.0019560182404289614,7232,3.5716893070232834,Facebook,190.169.4.77,34291689184,40.517645,-3.669745
2020-05-23 00:00:00+01:00,214069289731177,EUTRAN,177,0.0366521801733379,923,0.11078483837703829,XMPP,54.204.92.246,34226740265,40.571812,-3.678133
2020-05-23 00:00:00+01:00,214074533680254,GERAN,3144,563.5013052762408,2220,397.89214303856704,XMPP,39.11.243.157,34486410808,40.444448,-3.645608
2020-05-23 00:00:00+01:00,214094991963432,UTRAN,3,13.115347620759904,1851,8092.1694820088605,Youtube,245.58.92.95,34291843430,40.56492,-3.588255
2020-05-23 00:00:00+01:00,214060813870816,GERAN,434,0.6338731950046441,973,1.3925357438357058,DNS,215.183.147.233,34562281256,40.305962,-3.669828
2020-05-23 00:00:00+01:00,214011408119898,UTRAN,72,0.002598852075942457,1267,0.04663495669607853,Youtube,43.136.146.245,34409910750,40.430525,-3.715917
2020-05-23 00:00:00+01:00,214046540386737,GERAN,1336,0.22667968670915345,2556,0.43791936481760857,GoogleDrive,92.91.213.132,34356821930,40.503032,-3.706509
2020-05-23 00:00:00+01:00,214043404867936,GERAN,3181,11.630670450229333,519,2.0218252399390058,Google,242.101.108.222,34569092100,40.250731,-3.727521
2020-05-23 00:00:00+01:00,214077351677279,UTRAN,692,0.34334476953515874,3893,2.233562459641848,Youtube,163.74.146.200,34188924811,40.328432,-3.73307
2020-05-23 00:00:00+01:00,214097152352937,GERAN,4038,0.7098126769054005,1068,0.1877364880968221,APNS,3.94.89.187,34541568655,40.42141,-3.69943
2020-05-23 00:00:00+01:00,214099533291851,EUTRAN,2,4.4976541275228653E-4,38,0.011394057123057926,GoogleAPIs,36.197.139.40,34213316188,40.441755,-3.74641
